{
  "disallowAttributeInterpolation": true,
  "disallowClassAttributeWithStaticValue": true,
  "disallowDuplicateAttributes": true,
  "disallowIdAttributeWithStaticValue": true,
  "disallowLegacyMixinCall": true,
  "disallowMultipleLineBreaks": true,
  "disallowSpacesInsideAttributeBrackets": true,
  "disallowTrailingSpaces": true,
  "requireClassLiteralsBeforeAttributes": true,
  "requireClassLiteralsBeforeIdLiterals": true,
  "requireIdLiteralsBeforeAttributes": true,
  "requireLowerCaseAttributes": true,
  "requireLowerCaseTags": true,
  "requireSpaceAfterCodeOperator": true,
  "requireSpecificAttributes": [
    {
      "img": ["alt"]
    }
  ],
  "requireStrictEqualityOperators": true,
  "validateAttributeQuoteMarks": "\"",
  "validateAttributeSeparator": {
    "separator": " ",
    "multiLineSeparator": "\n\t"
  },
  "validateDivTags": true,
  "validateIndentation": 2,
  "validateLineBreaks": "LF",
  "validateSelfClosingTags": true,
  "validateTemplateString": true
}
